-- phpMyAdmin SQL Dump
-- version 5.2.1
-- https://www.phpmyadmin.net/
--
-- Host: 127.0.0.1
-- Generation Time: Dec 30, 2024 at 02:14 AM
-- Server version: 10.4.32-MariaDB
-- PHP Version: 8.2.12

SET SQL_MODE = "NO_AUTO_VALUE_ON_ZERO";
START TRANSACTION;
SET time_zone = "+00:00";


/*!40101 SET @OLD_CHARACTER_SET_CLIENT=@@CHARACTER_SET_CLIENT */;
/*!40101 SET @OLD_CHARACTER_SET_RESULTS=@@CHARACTER_SET_RESULTS */;
/*!40101 SET @OLD_COLLATION_CONNECTION=@@COLLATION_CONNECTION */;
/*!40101 SET NAMES utf8mb4 */;

--
-- Database: `gestion_rdv1`
--

-- --------------------------------------------------------

--
-- Table structure for table `disponibilites`
--

CREATE TABLE `disponibilites` (
  `id` int(11) NOT NULL,
  `medecin_id` int(11) NOT NULL,
  `date` date DEFAULT NULL,
  `start_time` time DEFAULT NULL,
  `end_time` time DEFAULT NULL
) ENGINE=InnoDB DEFAULT CHARSET=utf8mb4 COLLATE=utf8mb4_general_ci;

--
-- Dumping data for table `disponibilites`
--

INSERT INTO `disponibilites` (`id`, `medecin_id`, `date`, `start_time`, `end_time`) VALUES
(1, 1, '2024-12-26', '06:00:00', '22:00:00'),
(3, 3, '2024-12-28', '06:00:00', '20:30:00'),
(52, 1, '2024-12-27', '06:00:00', '06:00:00'),
(53, 1, '2024-12-27', '06:20:00', '06:20:00'),
(54, 1, '2024-12-27', '06:40:00', '06:40:00'),
(55, 1, '2024-12-27', '07:00:00', '07:00:00'),
(56, 1, '2024-12-27', '07:20:00', '07:20:00'),
(57, 1, '2024-12-27', '07:40:00', '07:40:00'),
(58, 1, '2024-12-27', '08:00:00', '08:00:00'),
(59, 1, '2024-12-27', '08:20:00', '08:20:00'),
(60, 1, '2024-12-27', '08:40:00', '08:40:00'),
(61, 1, '2024-12-27', '09:00:00', '09:00:00'),
(62, 1, '2024-12-27', '09:20:00', '09:20:00'),
(63, 1, '2024-12-27', '09:40:00', '09:40:00'),
(64, 1, '2024-12-27', '10:00:00', '10:00:00'),
(65, 1, '2024-12-27', '10:20:00', '10:20:00'),
(66, 1, '2024-12-27', '10:40:00', '10:40:00'),
(67, 1, '2024-12-27', '11:00:00', '11:00:00'),
(68, 1, '2024-12-27', '11:20:00', '11:20:00'),
(69, 1, '2024-12-27', '11:40:00', '11:40:00'),
(70, 1, '2024-12-27', '12:00:00', '12:00:00'),
(71, 1, '2024-12-27', '12:20:00', '12:20:00'),
(72, 1, '2024-12-27', '12:40:00', '12:40:00'),
(73, 1, '2024-12-27', '13:00:00', '13:00:00'),
(74, 1, '2024-12-27', '13:20:00', '13:20:00'),
(75, 1, '2024-12-27', '13:40:00', '13:40:00'),
(76, 1, '2024-12-28', '07:00:00', '07:20:00'),
(77, 1, '2024-12-28', '07:20:00', '07:40:00'),
(78, 1, '2024-12-28', '07:40:00', '08:00:00'),
(79, 1, '2024-12-28', '08:00:00', '08:20:00'),
(80, 1, '2024-12-28', '08:20:00', '08:40:00'),
(81, 1, '2024-12-28', '08:40:00', '09:00:00'),
(82, 1, '2024-12-28', '09:00:00', '09:20:00'),
(83, 1, '2024-12-28', '09:20:00', '09:40:00'),
(84, 1, '2024-12-28', '09:40:00', '10:00:00'),
(85, 1, '2024-12-28', '10:00:00', '10:20:00'),
(86, 1, '2024-12-28', '10:20:00', '10:40:00'),
(87, 1, '2024-12-28', '10:40:00', '11:00:00'),
(88, 1, '2024-12-28', '11:00:00', '11:20:00'),
(89, 1, '2024-12-28', '11:20:00', '11:40:00'),
(90, 1, '2024-12-28', '11:40:00', '12:00:00'),
(91, 1, '2024-12-28', '12:00:00', '12:20:00'),
(92, 1, '2024-12-28', '12:20:00', '12:40:00'),
(93, 1, '2024-12-28', '12:40:00', '13:00:00'),
(94, 1, '2024-12-28', '13:00:00', '13:20:00'),
(95, 1, '2024-12-28', '13:20:00', '13:40:00'),
(96, 1, '2024-12-28', '13:40:00', '14:00:00'),
(97, 1, '2024-12-28', '14:00:00', '14:20:00'),
(98, 1, '2024-12-28', '14:20:00', '14:40:00'),
(99, 1, '2024-12-28', '14:40:00', '15:00:00'),
(100, 1, '2024-12-28', '15:00:00', '15:20:00'),
(101, 1, '2024-12-28', '15:20:00', '15:40:00'),
(102, 1, '2024-12-28', '15:40:00', '16:00:00'),
(103, 1, '2024-12-28', '16:00:00', '16:20:00'),
(104, 1, '2024-12-28', '16:20:00', '16:40:00'),
(105, 1, '2024-12-28', '16:40:00', '17:00:00'),
(106, 1, '2024-12-28', '17:00:00', '17:20:00'),
(107, 1, '2024-12-28', '17:20:00', '17:40:00'),
(108, 1, '2024-12-28', '17:40:00', '18:00:00'),
(109, 1, '2024-12-28', '18:00:00', '18:20:00'),
(110, 1, '2024-12-28', '18:20:00', '18:40:00'),
(111, 1, '2024-12-28', '18:40:00', '19:00:00'),
(112, 1, '2024-12-28', '19:00:00', '19:20:00'),
(113, 1, '2024-12-28', '19:20:00', '19:40:00'),
(114, 1, '2024-12-28', '19:40:00', '20:00:00'),
(115, 1, '2024-12-27', '08:00:00', '08:30:00'),
(116, 1, '2024-12-27', '08:30:00', '09:00:00'),
(117, 1, '2024-12-27', '09:00:00', '09:30:00'),
(118, 1, '2024-12-27', '09:30:00', '10:00:00'),
(119, 1, '2024-12-27', '10:00:00', '10:30:00'),
(120, 1, '2024-12-27', '10:30:00', '11:00:00'),
(121, 1, '2024-12-27', '11:00:00', '11:30:00'),
(122, 1, '2024-12-27', '11:30:00', '12:00:00'),
(123, 1, '2024-12-27', '12:00:00', '12:30:00'),
(124, 1, '2024-12-27', '12:30:00', '13:00:00'),
(125, 1, '2024-12-27', '13:00:00', '13:30:00'),
(126, 1, '2024-12-27', '13:30:00', '14:00:00'),
(127, 1, '2024-12-27', '14:00:00', '14:30:00'),
(128, 1, '2024-12-27', '14:30:00', '15:00:00'),
(129, 1, '2024-12-27', '15:00:00', '15:30:00'),
(130, 1, '2024-12-27', '15:30:00', '16:00:00'),
(131, 1, '2024-12-27', '16:00:00', '16:30:00'),
(132, 1, '2024-12-27', '16:30:00', '17:00:00'),
(133, 1, '2024-12-27', '17:00:00', '17:30:00'),
(134, 1, '2024-12-27', '17:30:00', '18:00:00'),
(135, 1, '2024-12-27', '18:00:00', '18:30:00'),
(136, 1, '2024-12-27', '18:30:00', '19:00:00'),
(137, 1, '2024-12-27', '19:00:00', '19:30:00'),
(138, 1, '2024-12-27', '19:30:00', '20:00:00'),
(139, 4, '2024-12-31', '09:00:00', '09:30:00'),
(140, 4, '2024-12-31', '09:30:00', '10:00:00'),
(141, 4, '2024-12-31', '10:00:00', '10:30:00'),
(142, 4, '2024-12-31', '10:30:00', '11:00:00'),
(143, 4, '2024-12-31', '11:00:00', '11:30:00'),
(144, 4, '2024-12-31', '11:30:00', '12:00:00'),
(145, 4, '2024-12-31', '12:00:00', '12:30:00'),
(146, 4, '2024-12-31', '12:30:00', '13:00:00'),
(147, 4, '2024-12-31', '13:00:00', '13:30:00'),
(148, 4, '2024-12-31', '13:30:00', '14:00:00'),
(149, 5, '2024-12-28', '05:00:00', '05:30:00'),
(150, 5, '2024-12-28', '05:30:00', '06:00:00'),
(151, 5, '2024-12-28', '06:00:00', '06:30:00'),
(152, 5, '2024-12-28', '06:30:00', '07:00:00'),
(153, 5, '2024-12-28', '07:00:00', '07:30:00'),
(154, 5, '2024-12-28', '07:30:00', '08:00:00'),
(155, 5, '2024-12-28', '08:00:00', '08:30:00'),
(156, 5, '2024-12-28', '08:30:00', '09:00:00'),
(157, 5, '2024-12-28', '09:00:00', '09:30:00'),
(158, 5, '2024-12-28', '09:30:00', '10:00:00'),
(159, 5, '2024-12-28', '10:00:00', '10:30:00'),
(160, 5, '2024-12-28', '10:30:00', '11:00:00'),
(161, 5, '2024-12-28', '11:00:00', '11:30:00'),
(162, 5, '2024-12-28', '11:30:00', '12:00:00'),
(163, 5, '2024-12-28', '12:00:00', '12:30:00'),
(164, 5, '2024-12-28', '12:30:00', '13:00:00'),
(165, 5, '2024-12-28', '13:00:00', '13:30:00'),
(166, 5, '2024-12-28', '13:30:00', '14:00:00'),
(167, 5, '2024-12-28', '14:00:00', '14:30:00'),
(168, 5, '2024-12-28', '14:30:00', '15:00:00'),
(169, 5, '2024-12-28', '15:00:00', '15:30:00'),
(170, 5, '2024-12-28', '15:30:00', '16:00:00'),
(171, 5, '2024-12-28', '16:00:00', '16:30:00'),
(172, 5, '2024-12-28', '16:30:00', '17:00:00'),
(173, 5, '2024-12-28', '17:00:00', '17:30:00'),
(174, 5, '2024-12-28', '17:30:00', '18:00:00'),
(175, 5, '2024-12-28', '18:00:00', '18:30:00'),
(176, 5, '2024-12-28', '18:30:00', '19:00:00'),
(177, 5, '2024-12-28', '19:00:00', '19:30:00'),
(178, 5, '2024-12-28', '19:30:00', '20:00:00'),
(179, 5, '2024-12-28', '20:00:00', '20:30:00'),
(180, 5, '2024-12-28', '20:30:00', '21:00:00'),
(181, 5, '2024-12-28', '21:00:00', '21:30:00'),
(182, 5, '2024-12-28', '21:30:00', '22:00:00'),
(183, 5, '2024-12-28', '05:00:00', '05:30:00'),
(184, 5, '2024-12-28', '05:30:00', '06:00:00'),
(185, 5, '2024-12-28', '06:00:00', '06:30:00'),
(186, 5, '2024-12-28', '06:30:00', '07:00:00'),
(187, 5, '2024-12-28', '07:00:00', '07:30:00'),
(188, 5, '2024-12-28', '07:30:00', '08:00:00'),
(189, 5, '2024-12-28', '08:00:00', '08:30:00'),
(190, 5, '2024-12-28', '08:30:00', '09:00:00'),
(191, 5, '2024-12-28', '09:00:00', '09:30:00'),
(192, 5, '2024-12-28', '09:30:00', '10:00:00'),
(193, 5, '2024-12-28', '10:00:00', '10:30:00'),
(194, 5, '2024-12-28', '10:30:00', '11:00:00'),
(195, 5, '2024-12-28', '11:00:00', '11:30:00'),
(196, 5, '2024-12-28', '11:30:00', '12:00:00'),
(197, 5, '2024-12-28', '12:00:00', '12:30:00'),
(198, 5, '2024-12-28', '12:30:00', '13:00:00'),
(199, 5, '2024-12-28', '13:00:00', '13:30:00'),
(200, 5, '2024-12-28', '13:30:00', '14:00:00'),
(201, 5, '2024-12-28', '14:00:00', '14:30:00'),
(202, 5, '2024-12-28', '14:30:00', '15:00:00'),
(203, 5, '2024-12-28', '15:00:00', '15:30:00'),
(204, 5, '2024-12-28', '15:30:00', '16:00:00'),
(205, 5, '2024-12-28', '16:00:00', '16:30:00'),
(206, 5, '2024-12-28', '16:30:00', '17:00:00'),
(207, 5, '2024-12-28', '17:00:00', '17:30:00'),
(208, 5, '2024-12-28', '17:30:00', '18:00:00'),
(209, 5, '2024-12-28', '18:00:00', '18:30:00'),
(210, 5, '2024-12-28', '18:30:00', '19:00:00'),
(211, 5, '2024-12-28', '19:00:00', '19:30:00'),
(212, 5, '2024-12-28', '19:30:00', '20:00:00'),
(213, 5, '2024-12-28', '20:00:00', '20:30:00'),
(214, 5, '2024-12-28', '20:30:00', '21:00:00'),
(215, 5, '2024-12-28', '21:00:00', '21:30:00'),
(216, 5, '2024-12-28', '21:30:00', '22:00:00'),
(217, 5, '2024-12-28', '05:00:00', '05:30:00'),
(218, 5, '2024-12-28', '05:30:00', '06:00:00'),
(219, 5, '2024-12-28', '06:00:00', '06:30:00'),
(220, 5, '2024-12-28', '06:30:00', '07:00:00'),
(221, 5, '2024-12-28', '07:00:00', '07:30:00'),
(222, 5, '2024-12-28', '07:30:00', '08:00:00'),
(223, 5, '2024-12-28', '08:00:00', '08:30:00'),
(224, 5, '2024-12-28', '08:30:00', '09:00:00'),
(225, 5, '2024-12-28', '09:00:00', '09:30:00'),
(226, 5, '2024-12-28', '09:30:00', '10:00:00'),
(227, 5, '2024-12-28', '10:00:00', '10:30:00'),
(228, 5, '2024-12-28', '10:30:00', '11:00:00'),
(229, 5, '2024-12-28', '11:00:00', '11:30:00'),
(230, 5, '2024-12-28', '11:30:00', '12:00:00'),
(231, 5, '2024-12-28', '12:00:00', '12:30:00'),
(232, 5, '2024-12-28', '12:30:00', '13:00:00'),
(233, 5, '2024-12-28', '13:00:00', '13:30:00'),
(234, 5, '2024-12-28', '13:30:00', '14:00:00'),
(235, 5, '2024-12-28', '14:00:00', '14:30:00'),
(236, 5, '2024-12-28', '14:30:00', '15:00:00'),
(237, 5, '2024-12-28', '15:00:00', '15:30:00'),
(238, 5, '2024-12-28', '15:30:00', '16:00:00'),
(239, 5, '2024-12-28', '16:00:00', '16:30:00'),
(240, 5, '2024-12-28', '16:30:00', '17:00:00'),
(241, 5, '2024-12-28', '17:00:00', '17:30:00'),
(242, 5, '2024-12-28', '17:30:00', '18:00:00'),
(243, 5, '2024-12-28', '18:00:00', '18:30:00'),
(244, 5, '2024-12-28', '18:30:00', '19:00:00'),
(245, 5, '2024-12-28', '19:00:00', '19:30:00'),
(246, 5, '2024-12-28', '19:30:00', '20:00:00'),
(247, 5, '2024-12-28', '20:00:00', '20:30:00'),
(248, 5, '2024-12-28', '20:30:00', '21:00:00'),
(249, 5, '2024-12-28', '21:00:00', '21:30:00'),
(250, 5, '2024-12-28', '21:30:00', '22:00:00'),
(251, 5, '2024-12-28', '06:00:00', '06:30:00'),
(252, 5, '2024-12-28', '06:30:00', '07:00:00'),
(253, 5, '2024-12-28', '07:00:00', '07:30:00'),
(254, 5, '2024-12-28', '07:30:00', '08:00:00'),
(255, 5, '2024-12-28', '08:00:00', '08:30:00'),
(256, 5, '2024-12-28', '08:30:00', '09:00:00'),
(257, 5, '2024-12-28', '09:00:00', '09:30:00'),
(258, 5, '2024-12-28', '09:30:00', '10:00:00'),
(259, 5, '2024-12-28', '10:00:00', '10:30:00'),
(260, 5, '2024-12-28', '10:30:00', '11:00:00'),
(261, 5, '2024-12-28', '11:00:00', '11:30:00'),
(262, 5, '2024-12-28', '11:30:00', '12:00:00'),
(263, 5, '2024-12-28', '12:00:00', '12:30:00'),
(264, 5, '2024-12-28', '12:30:00', '13:00:00'),
(265, 5, '2024-12-28', '13:00:00', '13:30:00'),
(266, 5, '2024-12-28', '13:30:00', '14:00:00'),
(267, 5, '2024-12-28', '14:00:00', '14:30:00'),
(268, 5, '2024-12-28', '14:30:00', '15:00:00'),
(269, 5, '2024-12-28', '15:00:00', '15:30:00'),
(270, 5, '2024-12-28', '15:30:00', '16:00:00'),
(271, 5, '2024-12-28', '16:00:00', '16:30:00'),
(272, 5, '2024-12-28', '16:30:00', '17:00:00'),
(273, 5, '2024-12-28', '17:00:00', '17:30:00'),
(274, 5, '2024-12-28', '17:30:00', '18:00:00'),
(275, 3, '2024-12-30', '07:00:00', '07:30:00'),
(276, 3, '2024-12-30', '07:30:00', '08:00:00'),
(277, 3, '2024-12-30', '08:00:00', '08:30:00'),
(278, 3, '2024-12-30', '08:30:00', '09:00:00'),
(279, 3, '2024-12-30', '09:00:00', '09:30:00'),
(280, 3, '2024-12-30', '09:30:00', '10:00:00'),
(281, 3, '2024-12-30', '10:00:00', '10:30:00'),
(282, 3, '2024-12-30', '10:30:00', '11:00:00'),
(283, 3, '2024-12-30', '11:00:00', '11:30:00'),
(284, 3, '2024-12-30', '11:30:00', '12:00:00'),
(285, 3, '2024-12-30', '12:00:00', '12:30:00'),
(286, 3, '2024-12-30', '12:30:00', '13:00:00'),
(287, 3, '2024-12-30', '13:00:00', '13:30:00'),
(288, 3, '2024-12-30', '13:30:00', '14:00:00'),
(289, 3, '2024-12-30', '14:00:00', '14:30:00'),
(290, 3, '2024-12-30', '14:30:00', '15:00:00'),
(291, 3, '2024-12-30', '15:00:00', '15:30:00'),
(292, 3, '2024-12-30', '15:30:00', '16:00:00'),
(293, 3, '2024-12-30', '16:00:00', '16:30:00'),
(294, 3, '2024-12-30', '16:30:00', '17:00:00'),
(295, 3, '2024-12-30', '17:00:00', '17:30:00'),
(296, 3, '2024-12-30', '17:30:00', '18:00:00'),
(297, 3, '2024-12-30', '18:00:00', '18:30:00'),
(298, 3, '2024-12-30', '18:30:00', '19:00:00'),
(299, 3, '2024-12-30', '08:00:00', '08:30:00'),
(300, 3, '2024-12-30', '08:30:00', '09:00:00'),
(301, 3, '2024-12-30', '09:00:00', '09:30:00'),
(302, 3, '2024-12-30', '09:30:00', '10:00:00'),
(303, 3, '2024-12-30', '10:00:00', '10:30:00'),
(304, 3, '2024-12-30', '10:30:00', '11:00:00'),
(305, 3, '2024-12-30', '11:00:00', '11:30:00'),
(306, 3, '2024-12-30', '11:30:00', '12:00:00'),
(307, 3, '2024-12-30', '12:00:00', '12:30:00'),
(308, 3, '2024-12-30', '12:30:00', '13:00:00'),
(309, 3, '2024-12-30', '13:00:00', '13:30:00'),
(310, 3, '2024-12-30', '13:30:00', '14:00:00'),
(311, 3, '2024-12-30', '14:00:00', '14:30:00'),
(312, 3, '2024-12-30', '14:30:00', '15:00:00'),
(313, 3, '2024-12-30', '15:00:00', '15:30:00'),
(314, 3, '2024-12-30', '15:30:00', '16:00:00'),
(315, 3, '2024-12-30', '16:00:00', '16:30:00'),
(316, 3, '2024-12-30', '16:30:00', '17:00:00'),
(317, 3, '2024-12-30', '17:00:00', '17:30:00'),
(318, 3, '2024-12-30', '17:30:00', '18:00:00'),
(319, 3, '2024-12-30', '18:00:00', '18:30:00'),
(320, 3, '2024-12-30', '18:30:00', '19:00:00'),
(321, 3, '2024-12-30', '19:00:00', '19:30:00'),
(322, 3, '2024-12-30', '19:30:00', '20:00:00'),
(323, 1, '2024-12-27', '09:00:00', '09:30:00'),
(324, 1, '2024-12-28', '07:00:00', '07:30:00'),
(325, 1, '2024-12-28', '07:30:00', '08:00:00'),
(326, 1, '2024-12-28', '08:00:00', '08:30:00'),
(327, 1, '2024-12-28', '08:30:00', '09:00:00'),
(328, 1, '2024-12-28', '09:00:00', '09:30:00'),
(329, 1, '2024-12-28', '09:30:00', '10:00:00'),
(330, 1, '2024-12-28', '10:00:00', '10:30:00'),
(331, 1, '2024-12-28', '10:30:00', '11:00:00'),
(332, 1, '2024-12-28', '11:00:00', '11:30:00'),
(333, 1, '2024-12-28', '11:30:00', '12:00:00'),
(334, 1, '2024-12-28', '12:00:00', '12:30:00'),
(335, 1, '2024-12-28', '12:30:00', '13:00:00'),
(336, 1, '2024-12-28', '13:00:00', '13:30:00'),
(337, 1, '2024-12-28', '13:30:00', '14:00:00'),
(338, 1, '2024-12-28', '14:00:00', '14:30:00'),
(339, 1, '2024-12-28', '14:30:00', '15:00:00'),
(340, 1, '2024-12-28', '15:00:00', '15:30:00'),
(341, 1, '2024-12-28', '15:30:00', '16:00:00'),
(342, 1, '2024-12-28', '16:00:00', '16:30:00'),
(343, 1, '2024-12-28', '16:30:00', '17:00:00'),
(344, 1, '2024-12-28', '17:00:00', '17:30:00'),
(345, 1, '2024-12-28', '17:30:00', '18:00:00'),
(346, 1, '2024-12-28', '18:00:00', '18:30:00'),
(347, 1, '2024-12-28', '18:30:00', '19:00:00'),
(348, 1, '2024-12-28', '07:00:00', '07:30:00'),
(349, 1, '2024-12-28', '07:30:00', '08:00:00'),
(350, 1, '2024-12-28', '08:00:00', '08:30:00'),
(351, 1, '2024-12-28', '08:30:00', '09:00:00'),
(352, 1, '2024-12-28', '09:00:00', '09:30:00'),
(353, 1, '2024-12-28', '09:30:00', '10:00:00'),
(354, 1, '2024-12-28', '10:00:00', '10:30:00'),
(355, 1, '2024-12-28', '10:30:00', '11:00:00'),
(356, 1, '2024-12-28', '11:00:00', '11:30:00'),
(357, 1, '2024-12-28', '11:30:00', '12:00:00'),
(358, 1, '2024-12-28', '12:00:00', '12:30:00'),
(359, 1, '2024-12-28', '12:30:00', '13:00:00'),
(360, 1, '2024-12-28', '13:00:00', '13:30:00'),
(361, 1, '2024-12-28', '13:30:00', '14:00:00'),
(362, 1, '2024-12-28', '14:00:00', '14:30:00'),
(363, 1, '2024-12-28', '14:30:00', '15:00:00'),
(364, 1, '2024-12-28', '15:00:00', '15:30:00'),
(365, 1, '2024-12-28', '15:30:00', '16:00:00'),
(366, 1, '2024-12-28', '16:00:00', '16:30:00'),
(367, 1, '2024-12-28', '16:30:00', '17:00:00'),
(368, 1, '2024-12-28', '17:00:00', '17:30:00'),
(369, 1, '2024-12-28', '17:30:00', '18:00:00'),
(370, 1, '2024-12-28', '18:00:00', '18:30:00'),
(371, 1, '2024-12-28', '18:30:00', '19:00:00'),
(372, 1, '2024-12-30', '08:00:00', '08:30:00'),
(373, 1, '2024-12-30', '08:30:00', '09:00:00'),
(374, 1, '2024-12-30', '09:00:00', '09:30:00'),
(375, 1, '2024-12-30', '09:30:00', '10:00:00'),
(376, 1, '2024-12-30', '10:00:00', '10:30:00'),
(377, 1, '2024-12-30', '10:30:00', '11:00:00'),
(378, 1, '2024-12-30', '11:00:00', '11:30:00'),
(379, 1, '2024-12-30', '11:30:00', '12:00:00'),
(380, 1, '2024-12-30', '12:00:00', '12:30:00'),
(381, 1, '2024-12-30', '12:30:00', '13:00:00'),
(382, 1, '2024-12-30', '13:00:00', '13:30:00'),
(383, 1, '2024-12-30', '13:30:00', '14:00:00'),
(384, 1, '2024-12-30', '14:00:00', '14:30:00'),
(385, 1, '2024-12-30', '14:30:00', '15:00:00'),
(386, 1, '2024-12-30', '15:00:00', '15:30:00'),
(387, 1, '2024-12-30', '15:30:00', '16:00:00'),
(388, 1, '2024-12-30', '16:00:00', '16:30:00'),
(389, 1, '2024-12-30', '16:30:00', '17:00:00'),
(390, 1, '2024-12-30', '17:00:00', '17:30:00'),
(391, 1, '2024-12-30', '17:30:00', '18:00:00'),
(392, 1, '2024-12-30', '18:00:00', '18:30:00'),
(393, 1, '2024-12-30', '18:30:00', '19:00:00'),
(394, 1, '2024-12-30', '19:00:00', '19:30:00'),
(395, 1, '2024-12-30', '19:30:00', '20:00:00'),
(396, 1, '2024-12-30', '07:00:00', '07:30:00'),
(397, 1, '2024-12-30', '07:30:00', '08:00:00'),
(398, 1, '2024-12-30', '08:00:00', '08:30:00'),
(399, 1, '2024-12-30', '08:30:00', '09:00:00'),
(400, 1, '2024-12-30', '09:00:00', '09:30:00'),
(401, 1, '2024-12-30', '09:30:00', '10:00:00'),
(402, 1, '2024-12-30', '10:00:00', '10:30:00'),
(403, 1, '2024-12-30', '10:30:00', '11:00:00'),
(404, 1, '2024-12-30', '11:00:00', '11:30:00'),
(405, 1, '2024-12-30', '11:30:00', '12:00:00'),
(406, 1, '2024-12-30', '12:00:00', '12:30:00'),
(407, 1, '2024-12-30', '12:30:00', '13:00:00'),
(408, 1, '2024-12-30', '13:00:00', '13:30:00'),
(409, 1, '2024-12-30', '13:30:00', '14:00:00'),
(410, 1, '2024-12-30', '14:00:00', '14:30:00'),
(411, 1, '2024-12-30', '14:30:00', '15:00:00'),
(412, 1, '2024-12-30', '15:00:00', '15:30:00'),
(413, 1, '2024-12-30', '15:30:00', '16:00:00'),
(414, 1, '2024-12-30', '16:00:00', '16:30:00'),
(415, 1, '2024-12-30', '16:30:00', '17:00:00'),
(416, 1, '2024-12-30', '17:00:00', '17:30:00'),
(417, 1, '2024-12-30', '17:30:00', '18:00:00'),
(418, 1, '2024-12-30', '18:00:00', '18:30:00'),
(419, 1, '2024-12-30', '18:30:00', '19:00:00'),
(420, 1, '2024-12-30', '19:00:00', '19:30:00'),
(421, 1, '2024-12-30', '19:30:00', '20:00:00'),
(422, 1, '2024-12-30', '20:00:00', '20:30:00'),
(423, 1, '2024-12-30', '20:30:00', '21:00:00'),
(424, 1, '2024-12-30', '21:00:00', '21:30:00'),
(425, 1, '2024-12-30', '21:30:00', '22:00:00'),
(426, 1, '2024-12-29', '07:00:00', '07:30:00'),
(427, 1, '2024-12-29', '07:30:00', '08:00:00'),
(428, 1, '2024-12-29', '08:00:00', '08:30:00'),
(429, 1, '2024-12-29', '08:30:00', '09:00:00'),
(430, 1, '2024-12-29', '09:00:00', '09:30:00'),
(431, 1, '2024-12-29', '09:30:00', '10:00:00'),
(432, 1, '2024-12-29', '10:00:00', '10:30:00'),
(433, 1, '2024-12-29', '10:30:00', '11:00:00'),
(434, 1, '2024-12-29', '11:00:00', '11:30:00'),
(435, 1, '2024-12-29', '11:30:00', '12:00:00'),
(436, 1, '2024-12-29', '12:00:00', '12:30:00'),
(437, 1, '2024-12-29', '12:30:00', '13:00:00'),
(438, 1, '2024-12-29', '13:00:00', '13:30:00'),
(439, 1, '2024-12-29', '13:30:00', '14:00:00'),
(440, 1, '2024-12-29', '14:00:00', '14:30:00'),
(441, 1, '2024-12-29', '14:30:00', '15:00:00'),
(442, 1, '2024-12-29', '09:00:00', '09:30:00'),
(443, 1, '2024-12-29', '09:30:00', '10:00:00'),
(444, 1, '2024-12-29', '10:00:00', '10:30:00'),
(445, 1, '2024-12-29', '10:30:00', '11:00:00'),
(446, 1, '2024-12-29', '11:00:00', '11:30:00'),
(447, 1, '2024-12-29', '11:30:00', '12:00:00'),
(448, 1, '2024-12-29', '12:00:00', '12:30:00'),
(449, 1, '2024-12-29', '12:30:00', '13:00:00'),
(450, 1, '2024-12-29', '13:00:00', '13:30:00'),
(451, 1, '2024-12-29', '13:30:00', '14:00:00'),
(452, 1, '2024-12-29', '14:00:00', '14:30:00'),
(453, 1, '2024-12-29', '14:30:00', '15:00:00'),
(454, 1, '2024-12-29', '15:00:00', '15:30:00'),
(455, 1, '2024-12-29', '15:30:00', '16:00:00'),
(456, 1, '2024-12-29', '16:00:00', '16:30:00'),
(457, 1, '2024-12-29', '16:30:00', '17:00:00'),
(458, 7, '2024-12-29', '09:00:00', '09:30:00'),
(459, 7, '2024-12-29', '09:30:00', '10:00:00'),
(460, 7, '2024-12-29', '10:00:00', '10:30:00'),
(461, 7, '2024-12-29', '10:30:00', '11:00:00'),
(462, 7, '2024-12-29', '11:00:00', '11:30:00'),
(463, 7, '2024-12-29', '11:30:00', '12:00:00'),
(464, 7, '2024-12-29', '12:00:00', '12:30:00'),
(465, 7, '2024-12-29', '12:30:00', '13:00:00'),
(466, 7, '2024-12-29', '13:00:00', '13:30:00'),
(467, 7, '2024-12-29', '13:30:00', '14:00:00'),
(468, 7, '2024-12-29', '14:00:00', '14:30:00'),
(469, 7, '2024-12-29', '14:30:00', '15:00:00'),
(470, 7, '2024-12-29', '15:00:00', '15:30:00'),
(471, 7, '2024-12-29', '15:30:00', '16:00:00'),
(472, 7, '2024-12-29', '16:00:00', '16:30:00'),
(473, 7, '2024-12-29', '16:30:00', '17:00:00'),
(474, 8, '2024-12-30', '09:00:00', '09:30:00'),
(475, 8, '2024-12-30', '09:30:00', '10:00:00'),
(476, 8, '2024-12-30', '10:00:00', '10:30:00'),
(477, 8, '2024-12-30', '10:30:00', '11:00:00'),
(478, 8, '2024-12-30', '11:00:00', '11:30:00'),
(479, 8, '2024-12-30', '11:30:00', '12:00:00'),
(480, 8, '2024-12-30', '12:00:00', '12:30:00'),
(481, 8, '2024-12-30', '12:30:00', '13:00:00'),
(482, 8, '2024-12-30', '13:00:00', '13:30:00'),
(483, 8, '2024-12-30', '13:30:00', '14:00:00'),
(484, 8, '2024-12-30', '14:00:00', '14:30:00'),
(485, 8, '2024-12-30', '14:30:00', '15:00:00'),
(486, 8, '2024-12-30', '15:00:00', '15:30:00'),
(487, 8, '2024-12-30', '15:30:00', '16:00:00'),
(488, 8, '2024-12-30', '16:00:00', '16:30:00'),
(489, 8, '2024-12-30', '16:30:00', '17:00:00');

-- --------------------------------------------------------

--
-- Table structure for table `medecins`
--

CREATE TABLE `medecins` (
  `id` int(11) NOT NULL,
  `nom` varchar(100) NOT NULL,
  `specialite` varchar(100) NOT NULL,
  `password` varchar(255) NOT NULL,
  `email` varchar(100) NOT NULL,
  `acces_secretaire` tinyint(1) DEFAULT 0
) ENGINE=InnoDB DEFAULT CHARSET=utf8mb4 COLLATE=utf8mb4_general_ci;

--
-- Dumping data for table `medecins`
--

INSERT INTO `medecins` (`id`, `nom`, `specialite`, `password`, `email`, `acces_secretaire`) VALUES
(1, 'dr', 'cardiologue', 'dr123', 'dr@gmail.com', 1),
(2, 'gerard', 'gynecologue', 'gerard123', 'gerard@gmail.com', 0),
(3, 'caroline', 'cardiologue', 'caroline123', 'caroline@gmail.com', 0),
(4, 'medecin', 'radiologue', 'medecin123', 'medecin@gmail.com', 0),
(5, 'med2', 'neurologue ', 'med2123', 'med2@gmail.com', 0),
(6, 'ali', 'généraliste', 'ali123', 'ali@gmail.com', 0),
(7, 'Olivier', 'ophtalmologue ', 'olivier123', 'Olivier@gmail.com', 0),
(8, 'Med', 'généraliste', 'med123', 'med@gmail.com', 0);

-- --------------------------------------------------------

--
-- Table structure for table `patients`
--

CREATE TABLE `patients` (
  `id` int(11) NOT NULL,
  `nom` varchar(100) NOT NULL,
  `prenom` varchar(100) NOT NULL,
  `email` varchar(100) NOT NULL,
  `telephone` varchar(20) NOT NULL,
  `password` varchar(255) NOT NULL
) ENGINE=InnoDB DEFAULT CHARSET=utf8mb4 COLLATE=utf8mb4_general_ci;

--
-- Dumping data for table `patients`
--

INSERT INTO `patients` (`id`, `nom`, `prenom`, `email`, `telephone`, `password`) VALUES
(1, 'mhiri', 'nour', 'nour@gmail.com', '', 'nour123'),
(2, 'mhiri', 'nour1', 'nour1mhiri@gmail.com', '', 'nour 123'),
(3, 'patientg', 'patientg', 'patientg@gmail.com', '', 'patientg123'),
(4, 'yassine', 'yassine', 'yassine@gmail.com', '', 'yassine123');

-- --------------------------------------------------------

--
-- Table structure for table `rdv`
--

CREATE TABLE `rdv` (
  `id` int(11) NOT NULL,
  `patient_id` int(11) NOT NULL,
  `secretaire_id` int(11) NOT NULL,
  `medecin_id` int(11) NOT NULL,
  `date_rdv` date NOT NULL,
  `heure_rdv` time NOT NULL,
  `date` date NOT NULL,
  `heure` time DEFAULT NULL,
  `statut` varchar(50) DEFAULT NULL
) ENGINE=InnoDB DEFAULT CHARSET=utf8mb4 COLLATE=utf8mb4_general_ci;

--
-- Dumping data for table `rdv`
--

INSERT INTO `rdv` (`id`, `patient_id`, `secretaire_id`, `medecin_id`, `date_rdv`, `heure_rdv`, `date`, `heure`, `statut`) VALUES
(6, 1, 0, 2, '0000-00-00', '00:00:00', '2024-12-27', '10:00:00', 'En attente'),
(7, 1, 0, 2, '0000-00-00', '00:00:00', '2024-12-28', '12:00:00', 'Accepté'),
(8, 1, 0, 1, '0000-00-00', '00:00:00', '2024-12-27', '12:30:00', 'En attente'),
(9, 1, 0, 1, '0000-00-00', '00:00:00', '2024-12-31', '14:00:00', 'Accepté'),
(10, 1, 0, 1, '0000-00-00', '00:00:00', '2024-12-27', '10:00:00', NULL),
(11, 1, 0, 1, '0000-00-00', '00:00:00', '2024-12-27', '13:00:00', NULL),
(12, 3, 0, 1, '0000-00-00', '00:00:00', '2024-12-27', '09:00:00', NULL),
(13, 3, 0, 1, '0000-00-00', '00:00:00', '2024-12-27', '18:00:00', NULL),
(16, 4, 0, 4, '0000-00-00', '00:00:00', '2024-12-31', '12:30:00', NULL),
(17, 4, 0, 4, '0000-00-00', '00:00:00', '2024-12-31', '12:50:00', NULL),
(18, 4, 0, 4, '0000-00-00', '00:00:00', '2024-12-31', '13:30:00', NULL),
(19, 1, 0, 3, '0000-00-00', '00:00:00', '2024-12-28', '20:00:00', NULL);

-- --------------------------------------------------------

--
-- Table structure for table `secretaires`
--

CREATE TABLE `secretaires` (
  `id` int(11) NOT NULL,
  `nom` varchar(100) NOT NULL,
  `prenom` varchar(100) NOT NULL,
  `email` varchar(100) NOT NULL,
  `telephone` varchar(20) NOT NULL,
  `password` varchar(255) NOT NULL,
  `medecin_id` int(11) DEFAULT NULL,
  `statut` varchar(50) DEFAULT NULL,
  `acces_secretaire` tinyint(1) DEFAULT 0,
  `medecin_email` varchar(255) DEFAULT NULL
) ENGINE=InnoDB DEFAULT CHARSET=utf8mb4 COLLATE=utf8mb4_general_ci;

--
-- Dumping data for table `secretaires`
--

INSERT INTO `secretaires` (`id`, `nom`, `prenom`, `email`, `telephone`, `password`, `medecin_id`, `statut`, `acces_secretaire`, `medecin_email`) VALUES
(1, 'dr', 'sec', 'secdr@gmail.com', '', 'secdr123', 1, 'accepté', 0, NULL),
(2, 'gerardsec', 'sec', 'gerardsec@gmail.com', '', 'gerardsec123', 2, 'accepté', 0, NULL),
(3, 'sec', 'seccaroline', 'seccaro@gmail.com', '', 'seccaro123', 3, 'accepté', 0, NULL),
(4, 'secretaire', 'secretairemed', 'secmed@gmail.com', '', 'secmed123', 4, 'accepté', 0, NULL),
(5, 'secretaire Olivier', 'SO', 'secoliv@gmail.com', '', 'secoliv123', 7, 'accepté', 0, NULL),
(6, 'secretaire Med', 'sm', 'secretairemed@gmail.com', '', 'secretairemed123', 8, 'accepté', 0, NULL),
(7, 'sec2', 'sec2', 'sec2@gmail.com', '', 'sec2123', 7, 'accepté', 0, NULL),
(8, 'sec3', 'sec3', 'sec3@gmail.com', '', 'sec3123', 7, 'refusé', 0, NULL);

--
-- Indexes for dumped tables
--

--
-- Indexes for table `disponibilites`
--
ALTER TABLE `disponibilites`
  ADD PRIMARY KEY (`id`),
  ADD KEY `medecin_id` (`medecin_id`);

--
-- Indexes for table `medecins`
--
ALTER TABLE `medecins`
  ADD PRIMARY KEY (`id`);

--
-- Indexes for table `patients`
--
ALTER TABLE `patients`
  ADD PRIMARY KEY (`id`),
  ADD UNIQUE KEY `email` (`email`);

--
-- Indexes for table `rdv`
--
ALTER TABLE `rdv`
  ADD PRIMARY KEY (`id`),
  ADD KEY `patient_id` (`patient_id`),
  ADD KEY `medecin_id` (`medecin_id`),
  ADD KEY `fk_secretaire_id` (`secretaire_id`);

--
-- Indexes for table `secretaires`
--
ALTER TABLE `secretaires`
  ADD PRIMARY KEY (`id`),
  ADD UNIQUE KEY `email` (`email`);

--
-- AUTO_INCREMENT for dumped tables
--

--
-- AUTO_INCREMENT for table `disponibilites`
--
ALTER TABLE `disponibilites`
  MODIFY `id` int(11) NOT NULL AUTO_INCREMENT, AUTO_INCREMENT=490;

--
-- AUTO_INCREMENT for table `medecins`
--
ALTER TABLE `medecins`
  MODIFY `id` int(11) NOT NULL AUTO_INCREMENT, AUTO_INCREMENT=9;

--
-- AUTO_INCREMENT for table `patients`
--
ALTER TABLE `patients`
  MODIFY `id` int(11) NOT NULL AUTO_INCREMENT, AUTO_INCREMENT=5;

--
-- AUTO_INCREMENT for table `rdv`
--
ALTER TABLE `rdv`
  MODIFY `id` int(11) NOT NULL AUTO_INCREMENT, AUTO_INCREMENT=24;

--
-- AUTO_INCREMENT for table `secretaires`
--
ALTER TABLE `secretaires`
  MODIFY `id` int(11) NOT NULL AUTO_INCREMENT, AUTO_INCREMENT=9;

--
-- Constraints for dumped tables
--

--
-- Constraints for table `disponibilites`
--
ALTER TABLE `disponibilites`
  ADD CONSTRAINT `disponibilites_ibfk_1` FOREIGN KEY (`medecin_id`) REFERENCES `medecins` (`id`);

--
-- Constraints for table `rdv`
--
ALTER TABLE `rdv`
  ADD CONSTRAINT `rdv_ibfk_1` FOREIGN KEY (`patient_id`) REFERENCES `patients` (`id`),
  ADD CONSTRAINT `rdv_ibfk_3` FOREIGN KEY (`medecin_id`) REFERENCES `medecins` (`id`);
COMMIT;

/*!40101 SET CHARACTER_SET_CLIENT=@OLD_CHARACTER_SET_CLIENT */;
/*!40101 SET CHARACTER_SET_RESULTS=@OLD_CHARACTER_SET_RESULTS */;
/*!40101 SET COLLATION_CONNECTION=@OLD_COLLATION_CONNECTION */;
